ID,BookName,Publisher,Author,Price
0,Fahrenheit 451,İthaki Yayınları,Ray Bradbury,"78,00"
1,Kadınlar Ülkesi,İthaki Yayınları,Charlotte Perkins Gilman,"35,75"
2,Doktor Moreau’nun Adası,İthaki Yayınları,H. G. Wells,"35,75"
3,Warcross: Bir Sanal Gerçeklik Oyunu,Yabancı Yayınları,Marie Lu,"87,75"
4,Neuromancer,İthaki Yayınları,William Gibson,"84,50"
5,Aşkın Formülü,Epsilon Yayınevi,Helen Hoang,"96,53"
6,Görünmez Adam,İthaki Yayınları,H. G. Wells,"45,50"
7,İnsanlar,Domingo Yayınevi,Matt Haig,"80,24"
8,Bu Kusurlu Mu¨kemmel Du¨nya,Martı Yayınları,Jon Skovron,"75,00"
9,Otostopçunun Galaksi Rehberi,Alfa Yayınları,Douglas Adams,"68,25"
10,Frankenstein,İthaki Yayınları,Mary Sheley,"46,80"
11,Gu¨c¸ ve İntikam: Fırtınalar İmparatorluğu -1,Martı Yayınları,Jon Skovron,"85,00"
12,Gargantis,Genç Timaş,Thomas Taylor,"91,00"
13,Kelebeği Öldürmek,Epsilon Yayınevi,Beyza Aksoy,"109,53"
14,Kallokain,İthaki Yayınları,Karin Boye,"39,00"
15,Liste,Genç Timaş,Patricia Forde,"101,50"
16,Ateşli Yürek,Yabancı Yayınları,Amanda Bouchet,"91,00"
17,Tanrıların Altını,Artemis Yayınları,Erich von Daniken,"87,75"
18,Avengers Yok Oluş Anahtarı,Epsilon Yayınevi,Greg Keyes,"77,03"
19,Wildcard: Joker Oyuncunun Hikayesi,Yabancı Yayınları,Marie Lu,"87,75"
20,Nebo’nun Mavi Kitabı,Nemesis Kitap,Manon Steffan Ros,"28,60"
21,Beni Kışkırtma - Bana Dokunma 5,Dex Yayınevi,Tahereh Mafi,"122,85"
22,Evrenin Sonundaki Restoran,Alfa Yayınları,Douglas Adams,"74,75"
23,Çocukluğun Sonu,İthaki Yayınları,Arthur C. Clarke,"78,00"
24,Harry Potter Film Dehlizi 3: Hortkuluklar ve Ölüm Yadigarları,Teras Kitap,Jody Revenson,"99,50"
25,Mevki Uygarlığı,İthaki Yayınları,Robert Sheckley,"63,70"
26,Hava Adamı Ariel,İthaki Yayınları,Aleksandr Belyaev,"48,75"
27,Soruşturma - SL9,Alfa Yayınları,Stanislaw Lem,"71,50"
28,Ortanca,Genç Timaş,Kirsty Applebaum,"84,00"
29,Çürük Vişne 4 - Viata,Epsilon Yayınevi,Emine Tavuz,"129,03"
30,Zamanda Yolculuk,Theseus Yayınevi,H. G. Tannhaus,"95,40"
31,Yıldızlardan Dönüş,Alfa Yayınları,Stanislaw Lem,"81,25"
32,Vakıf,İthaki Yayınları,Isaac Asimov,"92,95"
33,Doktor Moreau'nun Adası,İş Bankası Kültür Yayınları,H. G. Wells,"27,20"
34,Elveda ve Bütün O Balıklar İçin Teşekkürler,Alfa Yayınları,Douglas Adams,"61,75"
35,"Hayat, Evren ve Herşey",Alfa Yayınları,Douglas Adams,"71,50"
36,Çoğunlukla Zararsız,Alfa Yayınları,Douglas Adams,"78,00"
37,Paniğe Kapılma!,Kabalcı Yayınevi - Özel Ürünler,Neil Gaiman,"28,70"
38,Çarpık Ağaç,Epsilon Yayınevi,Rachel Burge,"77,03"
39,Pax: Eve Dönüş,Epsilon Yayınevi,Sara Pennypacker,"64,03"
40,Megaverse,Eksik Parça Yayınları,Uzay Görmüş,"107,20"
41,Bitmeyen Gece,Epsilon Yayınevi,Megan Goldin,"109,53"
42,Astrobiyoloji,Say Yayınları,Andrew May,"56,25"
43,Özür Dileriz,Othello Yayıncılık,Lee Ki-Ho,"59,80"
44,Çıplak Güneş - Robot Serisi 2. Kitap,İthaki Yayınları,Isaac Asimov,"83,85"
45,Geri Giden Saat,İthaki Yayınları,Edward Page Mitchell,"42,90"
46,Alaycı Kuş,İthaki Yayınları,Walter Tevis,"85,80"
47,Beni Kim Öldürdü?,Epsilon Yayınevi,Burcu Arman,"49,90"
48,Değiştirilmiş Karbon,İthaki Yayınları,Richard K. Morgan,"125,45"
49,Dünyalar Savaşı,İthaki Yayınları,H. G. Wells,"48,10"
50,Illuminae,Pegasus Yayınları,Amie Kaufman,"150,00"
51,Flashforward,Abis Yayıncılık,Robert J. Sawyer,"59,50"
52,Kadınlar Rüyalar Ejderhalar,Metis Yayınları,Ursula K. Le Guin,"64,68"
53,Cin Arif,Gülnar Yayınları,Sedat Sadioğlu,"87,10"
54,Bana Her Şeyi Anlat,Epsilon Yayınevi,Cambria Brockman,"116,03"
55,Harry Potter Film Dehlizi 3: Hortkuluklar ve Ölüm Yadigarları,Teras Kitap,Jody Revenson,"64,50"
56,Shuri: Bir Black Panther Romanı,İthaki Yayınları,Nic Stone,"66,95"
57,Callahan Günlükleri,İthaki Yayınları,Spider Robinson,"139,75"
58,Tarzan Dünyasına Giriş Seti Sticker Hediyeli,Fihrist Kitap,Edgar Rice Burroughs,"117,18"
59,Kaçak Telemetri,İthaki Yayınları,Martha Wells,"61,10"
60,Gecenin Kraliçesi,Epsilon Yayınevi,Ayşegül Yıldız,"178,75"
61,Sahibinin Sesi,Alfa Yayınları,Stanislaw Lem,"71,50"
62,Pruva Neta,Eksik Parça Yayınları,Özgen Biçgin,"84,00"
63,Agapi Ölümsüz Aşk,Epsilon Yayınevi,Sarah Jio,"103,03"
64,Geleceğin Yazarları 1,Tortuga Yayınları - Özel Baskı,L. Ron Hubbard,"11,90"
65,Bir Kadın Astronotun Anıları,İthaki Yayınları,Naomi Mitchison,"59,80"
66,Kalbimi Beşe Kur,Martı Yayınları,Simon Stephenson,"85,00"
67,Güç,Misis Kitap,Naomi Alderman,"58,50"
68,Koyunlar Yukarı Bakar,İthaki Yayınları,John Brunner,"136,50"
69,Güneşin Öldüğü Gün,İthaki Yayınları,Yan Lianke,"96,85"
70,Robotlar ve İmparatorluk - Robot Serisi,İthaki Yayınları,Isaac Asimov,"148,85"
71,Şafağın Robotları - Robot Serisi 3. Kitap,İthaki Yayınları,Isaac Asimov,"130,00"
72,Karanlığın Sol Eli,Ayrıntı Yayınları,Ursula K. Le Guin,"87,78"
73,Semenderlerle Savaş,İthaki Yayınları,Karel Çapek,"55,90"
74,Gece ve Ateş,Epsilon Yayınevi,Sabaa Tahir,"159,25"
75,Çelik Mağaralar,İthaki Yayınları,Isaac Asimov,"78,00"
76,R. U. R. - Rossum’un Uluslararası Robotları,İthaki Yayınları,Karel Çapek,"34,45"
77,Vakıf İleri,İthaki Yayınları,Isaac Asimov,"156,00"
78,Depo,İthaki Yayınları,Rob Hart,"118,30"
79,Vakıf Kurulurken,İthaki Yayınları,Isaac Asimov,"154,05"
80,Ay’a Yolculuk,Dex Yayınevi,Jules Verne,"31,85"
81,Vakıf ve Dünya,İthaki Yayınları,Isaac Asimov,"154,05"
82,Vakıf’ın Sınırı,İthaki Yayınları,Isaac Asimov,"139,75"
83,İç Savaş: Bir Marvel Evreni Romanı,İthaki Yayınları,Stuart Moore,"100,10"
84,Yeni Bir Yaşam,Epsilon Yayınevi,Alexandra Monir,"77,03"
85,İlk,İthaki Yayınları,Afşin Kum,"78,65"
86,The 100 Serisi 4 Kitap Takım,GO! Kitap,Kass Morgan,"270,00"
87,1984,İthaki Yayınları,George Orwell,"45,50"
88,Hayvan Çiftliği,İthaki Yayınları,George Orwell,"25,35"
89,Kızıl Veba,İthaki Yayınları,Jack London,"27,95"
90,Evrenin Kıyısında Duruyorum,Yabancı Yayınları,Shaun David Hutchinson,"156,00"
91,Derin Düşünce,Pegasus Yayınları,Garry Kasparov,"90,00"
92,Zaman Makinesi,Dex Yayınevi,H. G. Wells,"8,45"
93,Kör Talih,Alfa Yayınları,Stanislaw Lem,"61,75"
94,Billy Milligan’ın Zihinleri,Koridor Yayıncılık,Daniel Keyes,"91,00"
95,"Ben, Efsane",İthaki Yayınları,Richard Matheson,"78,00"
96,Kent,İthaki Yayınları,Clifford D. Simak,"89,70"
97,Uzayın Keşfi Efsanesi,Perseus,Polat Onat,"35,40"
98,Dönüşüm Hastanesi,Alfa Yayınları,Stanislaw Lem,"61,75"
99,Uzlaştırıcının Pençesi,İthaki Yayınları,Gene Wolfe,"92,95"
100,Nevernight Tanrımezarı,Pegasus Yayınları,Jay Kristoff,"120,00"
101,Yol,İthaki Yayınları,Cormac McCarthy,"74,10"
102,Gökteki Çakıl Taşı - Galaktik İmparatorluk Serisi 3,İthaki Yayınları,Isaac Asimov,"89,70"
103,Dirilen Öfke,İthaki Yayınları,Richard K. Morgan,"148,85"
104,Yaban Diyarlarda Yabancı,İthaki Yayınları,Robert A. Heinlein,"185,90"
105,Ejderhanı Nasıl Eğitirsin 2,Epsilon Yayınevi,Cressida Cowell,"57,53"
106,Çılgın Mucitler,Nesil Genç,Yusuf Asal,"77,00"
107,Toz Gibi Yıldızlar - Galaktik İmparatorluk Serisi 1,İthaki Yayınları,Isaac Asimov,"87,75"
108,İkinci Vakıf - Vakıf Serisi,İthaki Yayınları,Isaac Asimov,"89,70"
109,Artemis,İthaki Yayınları,Andy Weir,"100,10"
110,Vakıf ve İmparatorluk,İthaki Yayınları,Isaac Asimov,"92,95"
111,Otostopçunun Galaksi Rehberi 5 Cilt Tek Kitapta - Ciltli,Alfa Yayınları,Douglas Adams,"321,75"
112,Pazartesi Cumartesiden Başlar,İthaki Yayınları,Arkadi Strugatski,"89,70"
113,Altın Oğul,Pegasus Yayınları,Pierce Brown,"135,00"
114,Efendi Uyanıyor,Maya Kitap,H. G. Wells,"68,60"
115,Yeni Bir Güne Şarkı,İthaki Yayınları,Sarah Pinsker,"114,40"
116,Dune Sapkınları,İthaki Yayınları,Frank Herbert,"161,20"
117,Dünyalar Savaşı,Narsist,H. G. Wells,"53,60"
118,Yok Eden Ateş - Bağlılık 2. Kitap,İthaki Yayınları,John Scalzi,"140,60"
119,Luna : Yeni Ay,Salon Yayınları,Ian Mcdonald,"100,08"
120,Hope,Perseus,H. Capalar,"65,72"
121,Alevler,Dedalus Kitap,Olaf Stapledon,"50,40"
122,Kiracı,Kafka Kitap,Bernard Malamud,"83,53"
123,Seri Katil Yapay Zeka mı ?,Q Yayınları,Polat Onat,"60,00"
124,Bakır Krallığı,Epsilon Yayınevi,S.A. Chakraborty,"191,75"
125,Devlerin Takım Çantası,Epsilon Yayınevi,Tim Ferriss,"187,53"
126,Kopya Ölüm,Epsilon Yayınevi,Nora Roberts,"90,03"
127,Ab-ı Hayat III,İz Yayıncılık,Ömer Faruk Dönmez,"71,28"
128,Siyah Tanrı`nın Davulları,İthaki Yayınları,P. Djeli Clark,"44,20"
129,İmparatorluk Denen Bir Anı,İthaki Yayınları,Arkady Martine,"120,25"
130,Venüs’ün Derinliklerinde Venüs Dizisi: 2,Fihrist Kitap,Edgar Rice Burroughs,"70,02"
131,Yükseliş,Sahi Kitap,Eric Berger,"108,00"
132,Dr. Gelecek,Alfa Yayınları,Philip K. Dick,"78,00"
133,Yıldız Ruh,Yabancı Yayınları,Ashley Poston,"91,00"
134,Mümkünatı Yok,İthaki Yayınları,Sinclair Lewis,"78,00"
135,Altın Çağ -1,Elpis Yayınları,Harun Muğla,"54,72"
136,Arşimet,Ketebe Çocuk,Tuğba Hatun Murat,"33,43"
137,Newton,Ketebe Çocuk,Tuğba Hatun Murat,"33,43"
138,Wright Kardeşler,Ketebe Çocuk,Tuğba Hatun Murat,"33,43"
139,Hawking`in Koridoru,Martı Yayınları,Neal Shusterman,"60,00"
140,Ölü Dağcı Oteli,İthaki Yayınları,Arkadi Strugatski,"65,00"
141,Tohumdan Hasada,İthaki Yayınları,Octavia E. Butler,"234,00"
142,İsyan,Yabancı Yayınları,Cindy Pon,"78,00"
143,Işıkla Gelen Kader,Sayfa6 Yayınları,Teo Man,"80,40"
144,İnşehir - Karanlık,Dorlion Yayınevi,Murat Sümer,"65,55"
145,Kule Serisi 1 - Geçidin Ötesi,Epsilon Yayınevi,Alpay Asar,"77,03"
146,Bir Ağacın Günlüğü,Kafka Kitap,Didier Van Cauwelaert,"64,03"
147,Gölgemiz Düşer,İthaki Yayınları,Maurice Carlos Ruffin,"91,00"
148,Felsefenin Kraliçeleri,Epsilon Yayınevi,Rebecca Buxton,"64,03"
149,Alb Madi,40 Kitap,Mazlum Babat,"55,80"
150,Mars’ta Satranç - John Carter 5,BilgeSu Yayıncılık,Edgar Rice Burroughs,"56,95"
151,Element I,Dorlion Yayınevi,M. Cem Öztürk,"38,76"
152,Güneşin Altın Elmaları,İthaki Yayınları,Ray Bradbury,"104,00"
153,Lanetli Yüzük,Payidar Genç,Kübra Kar,"34,20"
154,Dinozorlarla Karıncaların Öyküsü,İthaki Yayınları,Cixin Liu,"61,10"
155,Frankenstein,Platanus Publishing,Mary Shelley,"61,38"
156,Alya,Hazer Yayınları,Nesrin Hazer,"75,00"
157,Zihin Kütüphanesi,Elpis Yayınları,Anıl Şahal,"71,92"
158,İleri Sar: Gelecekten Öyküler,Dex Yayınevi,Veronica Roth,"77,35"
159,Uçuş 416,Epsilon Yayınevi,T. J. Newman,"90,03"
160,Feminist Ütopyalar Seti Sticker Hediyeli,Fihrist Kitap,Kolektif,"173,29"
161,Güneşin Çekirdeği,İthaki Yayınları,Joanna Sinisalo,"78,00"
162,Bir Sonraki Hayatımız Seti 2 Kitap Takım,Yabancı Yayınları,Lauren James,"390,00"
163,Parazit Serisi Kutulu Set 2 Kitap Takım,Yabancı Yayınları,Jessica Shirvington,"325,00"
164,Kara Dörtleme Kutu Set 4 Kitap Takım,İthaki Yayınları,Alican Saygı Ortanca,"682,50"
165,Dune Ciltli Kutu Set 6 Kitap Takım,İthaki Yayınları,Frank Herbert,"2.112,50"
166,İçimizdeki Düşman,Çizgi Kitabevi Yayınları,Gülden altıntop,"78,40"
167,Gece Nöbeti,The Kitap,K. Eason,"109,85"
168,Distopyaya Yolculuk,Epsilon Yayınevi,Kolektif,"77,03"
169,Re-Terraform,Elpis Yayınları,Volkan Çakır,"65,72"
170,Angeliki ile Mehmet - 2 Bu Böyle Yarım Kalmayacak,Epsilon Yayınevi,Yasemin Özek,"129,03"
171,Ateş Ve Gül,Gülnar Yayınları,Kazım Saatçı,"105,00"
172,Yıkımın Çağrısı - Özgürlük ve Barış Olasılığı 1,Sinada Kitap,Mehmet Alp Buhurcu,"73,70"
173,Cadılar Meclisi,Epsilon Yayınevi,Lizzie Fry,"129,03"
174,Başlat - Ready Player Two,Dex Yayınevi,Ernest Cline,"83,85"
175,Kronmatron X,Perseus,Manolya Besant,"107,40"
176,Lanetli Kasaba,Payidar Genç,Kübra Kar,"36,00"
177,Şaşkın Robot Norby,İthaki Çocuk Yayınları,Janet Asimov,"48,75"
178,From the Earth to the Moon,Fark Yayınları,Jules Verne,"44,20"
179,“Dışarıdan” Gelen Şey,Laputa Kitap,George Allen England,"48,75"
180,Umarım Mesajımı Alırsın,Epsilon Yayınevi,Farah Naz Rishi,"109,53"
181,Ölümcül Gerçek,Epsilon Yayınevi,Jessica Barry,"109,53"
182,5 Saniyede Venüs’e,Fihrist Kitap,Fred T. Jane,"45,18"
183,John Carter V: Mars Satrancı,Fihrist Kitap,Edgar Rice Burroughs,"77,68"
184,Neptün Müzakereleri,İthaki Yayınları,Murat Boyner,"50,05"
185,Gama,Elpis Yayınları,Bora Deniz Kurban,"51,35"
186,Değişim,Gürer Yayınları,Pelin Başkurt,"25,90"
187,Abba - Ay Büyürken,Arte Yayınları,Sibel Özkızıklı,"40,00"
188,Tanrı Fabrikası,Nota Bene Yayınları,Karel Capek,"82,50"
189,Ötekinin Keşfi,Fihrist Kitap,Ella Merchant,"54,93"
190,Karmaşık Bir Nezaket,Kafka Kitap,Miriam Toews,"90,03"
191,İlow I - Yeni Bir Alem,İmla Yayıncılık,Bahattin Seven,"45,50"
192,Geçmiş Günlerimiz,Hyperion Kitap,Cristin Terrill,"28,50"
193,Boyuttakiler,Korkut Yayınları,Erdinç Aymergen,"104,00"
194,3888 Nuh`un Son Yolcuları,A7 Kitap,Gülriz Aygül,"52,00"
195,Woodwalker’lar,İstek Yayınları,Katja Brandis,"67,50"
196,İstanbul Öyküleri 3 - Bilimkurgu,İBB Yayınları (Kültür A.Ş.),Ademhan Esen,"189,00"
197,Ulak,Beyaz Fil Yayınları,Özgün Çınar,"28,00"
198,Thuvia Marslı Kız,BilgeSu Yayıncılık,Edgar Rice Burroughs,"45,50"
199,Andromeda Evrimi,Nemesis Kitap,Michael Crichton,"70,85"
200,Blade Runner 2019 Volume 2,Epsilon Yayınevi,Michael Green,"129,03"
201,Edna Günlükleri,Epsilon Yayınevi,Aygül Mudurlu,"109,53"
202,Tuhaf John,Fihrist Kitap,Olaf Stapledon,"71,18"
203,Kayıp Oyuncakc¸ı`nın Pes¸inde,Perseus,Oytun Demir,"41,40"
204,İkiz Kod,Eksik Parça Yayınları,Margit Ruile,"66,50"
205,Kabuk - Kristal 1. Cilt,Kafe Kültür Yayıncılık,İlker Selman,"35,00"
206,Demir Yürek,Yabancı Yayınları,Ashley Poston,"100,75"
207,Daha Geride Kalanlar,Ayrıntı Yayınları,Terry Bisson,"38,50"
208,Sarsıntı,Dorlion Yayınevi,A. Şerbakov,"37,20"
209,Takımadadaki Yamyamlık,Dorlion Yayınevi,A. Kazantsev,"37,20"
210,Çöpçü Gezegenler,Dorlion Yayınevi,A. Şalimov,"30,00"
211,Sanal Kent,Eksik Parça Yayınları,Seran Demiral,"62,30"
212,Krizalitler,Delidolu,John Wyndham,"66,75"
213,Disk Dünya 30: Küçük Özgür Adamlar,Delidolu,Terry Pratchett,"74,25"
214,Yarım Kalan Roman - Sherlock Holmes,Venedik Yayınları,Sir Arthur Conan Doyle,"18,00"
215,Bereketli Evrenler Üzerinde,Tunç Yayıncılık,Tanseli Polikar,"42,00"
216,Kayıp Yıldızlar Atlası 2 - Griffonatarasların Yükselişi,Cinius Yayınları,Mahir Sular,"159,25"
217,Yeni Ütopya,Cinius Yayınları,Fatih Söyleyici,"107,25"
218,Merza - Kader Doğuyor,40 Kitap,Sevdagül Demirci,"40,20"
219,Yapay Zeka Robotu Demir Pençe Suziko 3,Genç Damla Yayınevi,Sara Gürbüz Özeren,"55,25"
220,Renata,Cadı Yayınları,Cansu Ceyhan,"85,00"
221,Özerkin Hisarı,İthaki Yayınları,Gene Wolfe,"96,85"
222,Bütün İyiler Öldü,İthaki Yayınları,Meryem Gültabak,"65,00"
223,Kara Bulut,İthaki Yayınları,Fred Hoyle,"82,55"
224,Star Maker,Cem Yayınevi,Olaf Stapledon,"57,62"
225,Ana Şifre,Martı Yayınları,Carole Stivers,"75,00"
226,Beyaz Işık,Pan Yayıncılık,Rudy Rucker,"35,00"
227,Geleceği Geçmişle Kurgulamak,Palet Yayınları,Ülfet Dağ,"67,00"
228,Özgecan Doğan Kitapları - Bilim Kurgu Seti 2 Kitap Takım,Kitap Müptelası Yayınları,Özgecan Doğan,"201,00"
229,Lilith’in Dölü,İthaki Yayınları,Octavia E. Butler,"214,50"
230,Bilme Cesareti,Theseus Yayınevi,James Kennedy,"77,40"
231,Nötralizör,İthaki Yayınları,Dost Körpe,"51,35"
232,Çiftlik,İthaki Yayınları,Joanne Ramos,"100,10"
233,Yapay Kader,Kırmızı Çatı Yayınları,Volkan Çekirdek,"43,50"
234,Stella Terra,Perseus,Umut Şenol,"77,40"
235,İntihar ve Bilimkurgu,Koç Üniversitesi Yayınları,Carlos Gutierrez-Jones,"57,60"
236,Bayan Prim’in Uyanışı,Kafka Kitap,Natalia Sanmartin Fenollera,"90,03"
237,Küle Dönen Bedenler,Epsilon Yayınevi,Rory Power,"139,75"
238,Vampir Avcısı D - Rüzgar Yükselince,Komikşeyler Yayıncılık,Hideyuki Kikuçi,"52,50"
239,Bilimkurgu Okuryazarlığı,Destek Yayınları,Zümrüt Bıyıklıoğlu,"37,70"
240,Sınır,Müptela Yayınları,Melodi Baç,"66,00"
241,Parvana’nın Mücadelesi,Epsilon Yayınevi,Deborah Ellis,"57,53"
242,Parvana’nın Yolculuğu,Epsilon Yayınevi,Deborah Ellis,"70,53"
243,Dünyanın Geleceği Türkiye 2050,Sia Kitap,Tuğrul Kudatgobilik,"27,50"
244,Marslı Prenses - John Carter 1,BilgeSu Yayıncılık,Edgar Rice Burroughs,"52,50"
245,Mars’ın Tanrıları - John Carter 2,BilgeSu Yayıncılık,Edgar Rice Burroughs,"66,50"
246,Mars’ın Kumandanı - John Carter 3,BilgeSu Yayıncılık,Edgar Rice Burroughs,"52,50"
247,Zaman Polisi,Theseus Yayınevi,Jodi Taylor,"101,40"
248,Ay’da Bir Çocuk,Dorlion Yayınevi,Hilda Haig Brown,"25,80"
249,Bilimkurgu Sinemasında Cyberpunk,Altıkırkbeş Yayınları,Oğuzhan Ersümer,"91,00"
250,Dion - Galaktik Federasyon,Misket Kitap,Ümran Gündüz,"54,60"
251,Palmer Eldritch’in 3 Stigmatası,Altıkırkbeş Yayınları,Philip K. Dick,"63,00"
252,Yaşamın Denklemleri,Hyperion Kitap,Simon Morden,"25,50"
253,Yaşayan Ölüler Şehri,Altıkırkbeş Yayınları,Fletcher Pratt,"37,80"
254,Uzay Gezgini Tuf,Dex Yayınevi,George R. R. Martin,"103,35"
255,Cinayet Molekülleri,Ketebe Yayınları,John Emsley,"31,85"
256,Şebeke Etkisi,İthaki Yayınları,Martha Wells,"104,00"
257,Grisis 2 - Kıyamet,Doruk Yayınları,Metin Çiçek,"175,00"
258,Grisis 1 - Yaşlanmayanlar,Doruk Yayınları,Metin Çiçek,"168,00"
259,Çöl Gezegen,E-Kitap Yayıncılık,Murat Ukray,"375,20"
260,Toprak Annem,Perseus,Alper Bozdağ,"63,60"
261,İthaki Korku Ajandası 2022,İthaki Yayınları,No author found,"42,97"
262,Arthur ile Zamanın İzinde - Evrenin Merkezine Doğru Bir Yolculuk,Theseus Yayınevi,D. E. Verpilleux,"83,40"
263,Görünmez Olmak İsteyen Adam,Fihrist Kitap,Maurice Renard,"38,68"
264,Sarmaşık,İthaki Yayınları,Chana Porter,"58,50"
265,Samaomeda Sonsuz Derinlik,İkinci Adam Yayınları,Lütfi Can Üstel,"35,75"
266,Xantrius - Xantrius İstila Altında!,İkinci Adam Yayınları,Lütfi Can Üstel,"48,10"
267,Alacakaranlık,Tilki Kitap,Mehmet Uyur,"104,00"
268,Profesör Unrat,Othello Yayıncılık,Heinrich Mann,"71,50"
269,1980 Sonrası Türk Edebiyatında Bilimkurgu Romanları,Nobel Akademik Yayıncılık,Yılmaz Açık,"176,30"
270,Bilimkurguyu Anlamak,Nobel Bilimsel Eserler,Cenk Tan,"136,00"
271,Harika Güzel Yarınlar,Ayrıntı Yayınları,Cory Doctorow,"38,50"
272,Mahar,Epsilon Yayınevi,Murat Ekşi,"129,03"
273,Tanrının Gözü 2 - Yeni Nesil,Panu Kitap,Ozan Göksu,"71,50"
274,Tanrının Gözü 1 - Hasat,Panu Kitap,Ozan Göksu,"71,50"
275,Geleceğin Havva’sı,Fihrist Kitap,Villiers de I’Isle-Adam,"97,18"
276,Bilimkurgu Manifestosu,Fihrist Kitap,Maurice Renard,"38,68"
277,Gizli Öğreti 3. Cilt The Secret Doctrine,Mitra Yayınları,Helena Petrovna Blavatsky,"202,50"
278,Bay Fahrenheit,Pegasus Yayınları,No author found,"90,00"
279,Ayar,Pegasus Yayınları,Suzanne Young,"90,00"
280,Ruhban,Eksik Parça Yayınları,Ozan Ertürk,"52,50"
281,İlow 2 - Yeni Bir Alem,Gece Kitaplığı,Bahattin Seven,"120,90"
282,Saat Adam,Yitik Ülke Yayınları,Edwin Vincent Odle,"90,00"
283,Son ve İlk İnsanlar,Cem Yayınevi,Olaf Stapledon,"69,68"
284,1984,Cem Yayınevi,George Orwell,"40,20"
285,Dağı Yerinden Oynatmak,Cem Yayınevi,Charlotte Perkins Gilman,"46,20"
286,2071,Dorlion Yayınevi,Tibet Yıldırım,"30,00"
287,Doğanın Ölümü,Fihrist Kitap,J. -H. Rosny Aine,"64,68"
288,Gostak ve Doshes,Altıkırkbeş Yayınları,Miles John Breuer,"45,50"
289,Alevler,Altıkırkbeş Yayınları,Olaf Stapledon,"38,88"
290,Evrenin Gizli Bahçesi - Yeşil Halka,Altın Kitaplar,Özlem Aytek,"39,20"
291,Memento: Bir İlluminae Dosyaları Öyküsü,Pegasus Yayınları,Amie Kaufman,"90,00"
292,Yörünge - Yalnız Değilsiniz!,İkinci Adam Yayınları,Lütfi Can Üstel,"62,40"
293,Kan Tiyatrosu,Eksik Parça Yayınları,Özgen Biçgin,"52,50"
294,Liktorun Kılıcı,İthaki Yayınları,Gene Wolfe,"92,95"
295,Xipehuzler - Kızıl Su,Laputa Kitap,J.-H. Rosny aine,"29,25"
296,Yaşlı Adam Yeni Dünyada,Laputa Kitap,Olaf Stapledon,"42,25"
297,Yakınlaşmalar,Ayrıntı Yayınları,Steven Erikson,"107,80"
298,Tersine Gezegen,Altıkırkbeş Yayınları,Henry Guth,"37,80"
299,Kuyrukluyıldız Günleri,İthaki Yayınları,Herbert George Wells,"61,10"
300,Yitik Dünya,İthaki Yayınları,Tom Sweterlitsch,"118,30"
301,Çağdaş Bir Ütopya,Fihrist Kitap,H. G. Wells,"77,68"
302,Kızıl Gezegen’in Altında,Altıkırkbeş Yayınları,Eric Fennel,"37,80"
303,Tanrısız,İthaki Yayınları,Mehmet Atılgan,"92,95"
304,Hepimizin Tek Arzusu,Epsilon Yayınevi,Emily Giffin,"109,53"
305,Test,Sander Yayınları,Sylvain Neuvel,"46,20"
306,Son Sözü Genom Söyler,İş Bankası Kültür Yayınları,Greg Gibson,"71,50"
307,Ses,Dorlion Yayınevi,Sevda Yıldırım Akbayır,"40,80"
308,Demir Pençe Suziko Asya Macerası,Damla Yayınevi Çocuk,Sara Gürbüz Özeren,"59,50"
309,Medusa’nın Sırrı,E-Kitap Yayıncılık,Murat Ukray,"311,55"
310,Ruhani,Epsilon Yayınevi,Salih Seçkin Sevinç,"38,03"
311,Sonsuz Ayrıntı,The Roman,Tim Maughan,"61,10"
312,Sonsuzluk Çarkı: Aradünya 3,İthaki Yayınları,Neil Gaiman,"111,15"
313,Rüya Gören,Alfa Yayınları,Levent Şenyürek,"31,85"
314,Walam Olum - Siyah Günce,Atayurt Yayınevi,Mücahit Gezen,"90,00"
315,Makine Yazı,İthaki Yayınları,John Crowley,"85,80"
316,Joe Carson’ın Silahı,Altıkırkbeş Yayınları,James R. Adams,"37,80"
317,Plüton’dan Kaçış,Altıkırkbeş Yayınları,William Oberfield,"37,80"
318,İlk Şehir - Egemenlik Üçlemesi 3. Kitap,Salon Yayınları,Joe Hart,"80,50"
319,Ve İşte Zaman Savaşını Böyle Kaybedersin,İthaki Yayınları,Max Gladstone,"74,10"
320,Hyperion,Pegasus Yayınları,DAN SIMMONS,"96,00"
321,Son Kadın,Paradigma Akademi Yayınları,Morpheus,"84,00"
322,Süpernova - Muhalifler 3,Dex Yayınevi,Marissa Meyer,"145,60"
323,Uyanış Serisi 3 Kitap Takım,GO! Kitap,Scott Sigler,"292,50"
324,Soğuk Depo,Salon Yayınları,David Koepp,"67,00"
325,Dune: Harkonnen Hanedanı - Hanedanlık Üçlemesi İkinci Kitap,İthaki Yayınları,Brian Herbert,"222,95"
326,Dune: Atreides Hanedanı - Hanedanlık Üçlemesi Birinci Kitap,İthaki Yayınları,Brian Herbert,"214,50"
327,Adem’den Önce,İthaki Yayınları,Jack London,"37,05"
328,Profesör Challenger’ın Maceraları Seti 4 Kitap Takım,Ren Kitap - Özel Ürün,Sir Arthur Conan Doyle,"139,65"
329,Zehirli Dalga,Ren Kitap - Özel Ürün,Sir Arthur Conan Doyle,"27,93"
330,Dünya’nın Çığlığı,Ren Kitap - Özel Ürün,Sir Arthur Conan Doyle,"24,50"
331,Yokuştaki Salyangoz,İthaki Yayınları,Arkadi Strugatski,"81,25"
332,Bir Android’den Öyküler,MonoKL,Nihan Sarı,"49,00"
333,Her Şey Kontrol Altında,İthaki Yayınları,Eda Şahin,"75,40"
334,Ağlamayan Çocuk,Tilki Kitap,Eray Taş,"180,70"
335,Sisler Diyarı,Ren Kitap - Özel Ürün,Sir Arthur Conan Doyle,"34,50"
336,Son İcadımız : Yapay Zeka Ve İnsanlık Çağının Sonu,Pegasus Yayınları,JAMES BARRAT,"90,00"
337,Suskun Kalpler,Epsilon Yayınevi,Sheila O`Flanagan,"64,03"
338,Vampir Avcısı D Cilt 1,Komikşeyler Yayıncılık,Hideyuki Kikuçi,"52,50"
339,Kayıp Dünya,Ren Kitap - Özel Ürün,Sir Arthur Conan Doyle,"34,50"
340,Oleander - Gizli Kılıç,Beyaz Fil Yayınları,Emrah Bektaş,"33,50"
341,Biz,Dex Yayınevi,Yevgeni Zamyatin,"16,25"
342,Zeus'un Şifresi,İlke Basın Yayım,Hakan Güneş,"64,00"
343,Gece Yarısı Güneşi Siyah Şömiz Sert Kapak,Epsilon Yayınevi,Stephenie Meyer,"224,25"
344,Gümüş Hayal - Ara Dünya 2,İthaki Yayınları,Neil Gaiman,"111,15"
345,İnsanın Bir Dakikası,Alfa Yayınları,Stanislaw Lem,"48,75"
346,Kuantum Gecesi,Abis Yayıncılık,Robert J. Sawyer,"66,50"
347,Ottomania,İthaki Yayınları,Erim Şişman,"66,95"
348,Ara Dünya,İthaki Yayınları,Neil Gaiman,"111,15"
349,Kayıp Dünya,İthaki Yayınları,Sir Arthur Conan Doyle,"50,05"
350,Koleje Hoş Geldin,Epsilon Yayınevi,Aleyna Temur,"152,75"
351,TEPEMİZDEKİ GÖLGE,Alfa Yayınları,N. Can Kantarcı,"126,75"
352,Sinaptik Yargıç,Beyaz Fil Yayınları,Kinyas Oz,"23,45"
353,Diana,Yakamoz Yayınevi,Andrew Morton,"48,00"
354,Komadan Notlar,Ayrıntı Yayınları,Mike McCormack,"46,20"
355,Son Irk,Kumran Yayınları,Mert Mesut Eroğlu,"66,50"
356,Geleceğe Kaçış,Mevsimler Kitap,Muhammed Köse,"45,50"
357,Kum,İthaki Yayınları,Hugh Howey,"105,95"
358,Edison's Conquest of Mars,Platanus Publishing,Garrett Putnam Serviss,"60,06"
359,Ejderhanın Yükselişi,Martı Yayınları,Kiersten White,"112,50"
360,Vardiya,İthaki Yayınları,Hugh Howey,"227,50"
361,İnsan Denen Canavar,Yabancı Yayınları,Patrick Ness,"130,00"
362,Apex,Panama Yayıncılık,Ramez Naam,"117,00"
363,Darağacı Şarkısı,Yabancı Yayınları,Anna Day,"169,00"
364,Kaosun Kalbi - Mavi Ejder Serisi,Portakal Kitap,Koray Sarıdoğan,"63,00"
365,Kehanet Vaatleri,Feniks Yayınları,M. S. Asherson,"56,00"
366,Katilbot Günlükleri 4 - Çıkış Stratejisi,İthaki Yayınları,Martha Wells,"61,10"
367,Toz,İthaki Yayınları,Hugh Howey,"135,85"
368,Tünel,Payidar Genç,Gül Arıç,"27,00"
369,İximia,Yılkad Yayınları,Ender Özden,"22,50"
370,Altı Numara,Herdem Kitap,Ahmet Bahadır Sarıkaya,"107,20"
371,Oscar Wao'nun Tuhaf Kısa Yaşamı,İthaki Yayınları,Junot Diaz,"96,85"
372,Kaybolan Şimşek Gibi,Eksik Parça Yayınları,Ada Palmer,"66,50"
373,Üç Başlı Kerberos,Çınar Yayınları,Gertrude Barrows Bennett,"35,00"
374,Kaçak Protokol,İthaki Yayınları,Martha Wells,"57,20"
375,Asi,Epsilon Yayınevi,Marie Lu,"152,75"
376,İsyan,Yabancı Yayınları,Cindy Pon,"169,00"
377,Evren Kütüphanesi,Wizart Yayınları,Kaan Kasım Tüylü,"56,00"
378,Ruhu Olan Robot,Hermes Yayınları,Kenan Kolday,"112,00"
379,Zeugma Darbesi,Cinius Yayınları,Adnan Gökçe,"58,50"
380,Bilimkurgu Öykü Seçkisi 2019,Paradigma Akademi Yayınları - Kültür Kitapları,Kolektif,"104,00"
381,Erkek Kardeşim Kurtadam 2: Yavru Kurt Sevgisi,Pegasus Yayınları,Sienna Mercer,"41,99"
382,Doctor Who - Dehşet Ağı,İthaki Yayınları,Mike Tucker,"39,00"
383,Ben Tanrının Size Yolladığı Cezayım - Cengin Han 1,Dorlion Yayınevi,Rıdvan Ganioğlu,"33,60"
384,Uçan Mabet,İthaki Yayınları,Çiğdem Erkal,"57,20"
385,I-10 Denek,Dorlion Yayınevi,Aneliya Asenova,"65,40"
386,Düzdünya,Destek Yayınları,Edwin A. Abbott,"28,60"
387,Klasik Bilimkurgu Öyküleri,Çınar Yayınları,H. G. Wells,"35,00"
388,Radyo Tiyatrosu - Otostopçunun Galaksi Rehberi,Alfa Yayınları,Douglas Adams,"87,75"
389,Kızıl Mars,İthaki Yayınları,Kim Stanley Robinson,"168,35"
390,Tüm Sistemler Çöktü,İthaki Yayınları,Martha Wells,"61,10"
391,Kumsalda,İthaki Yayınları,Nevil Shute,"89,70"
392,Sorgu ve Sır,Yabancı Yayınları,Patrick Ness,"130,00"
393,Türk Bilimkurgu Edebiyatı ve Arketipler,Günce Yayınları - Akademik Kitaplar,Veli Uğur,"52,50"
394,Halka Dünya Mühendisleri,Panama Yayıncılık,Larry Niven,"84,50"
395,Kırmızı Top,Kumdan Kale,Mehmet Barış Albayrak,"40,60"
396,Korkunç Harry,Altın Kitaplar,Sonja Kaiblinger,"36,00"
397,Ninefox Gambit,Salon Yayınları,Yoon Ha Lee,"80,40"
398,Lucky Strike,Ayrıntı Yayınları,Kim Stanley Robinson,"34,65"
399,Gece Kuşları,Dex Yayınevi,George R. R. Martin,"38,35"
400,Genesis Girl - Yaratıcı Kız,Pay Yayınları,Jennifer Bardsley,"15,12"
401,Doctor Who: Buz Çarkı,İthaki Yayınları,Stephen Baxter,"111,80"
402,Düş Mühendisi 2123,Cinius Yayınları,Semih Bulgur,"117,00"
403,Dünyalar Savaşı,Alfa Yayınları,H. G. Wells,"48,75"
404,Dirk Gently'nin Holistik Dedektiflik Bürosu,Alfa Yayınları,Douglas Adams,"61,75"
405,Bu Ölümsüz,İthaki Yayınları,Roger Zelazny,"68,25"
406,İmparatorluğun Çöküşü,İthaki Yayınları,John Scalzi,"92,95"
407,Yeni Tabular,Ayrıntı Yayınları,John Shirley,"34,65"
408,Chocky,Delidolu,John Wyndham,"66,75"
409,Umut Bıçağı,Yabancı Yayınları,Patrick Ness,"110,50"
410,Gece Yarısı Gezegeninden Raporlar,Ayrıntı Yayınları,Nalo Hopkinson,"34,65"
411,Çirkin Sesler Korosu,Yitik Ülke Yayınları,Tülay Güzeler,"97,50"
412,Kırılmış - Soğuk Uyanış Serisi 2. Kitap,Martı Yayınları,Robin Wasserman,"75,00"
413,Parçalanmış - Soğuk Uyanış Serisi 3. Kitap,Martı Yayınları,Robin Wasserman,"75,00"
414,Vahşi Kızlar,Ayrıntı Yayınları,Ursula K. Le Guin,"34,65"
415,Anno Domini 2071,Profil Kitap,Pieter Harting,"49,00"
416,Son Ve Ötesi,Yabancı Yayınları,Patrick Ness,"182,00"
417,Kazıkçı,Artemis Yayınları,Kevin Hearne,"81,25"
418,Karanlık Rahibe,Artemis Yayınları,Philippa Gregory,"126,75"
419,Resimli Adam,İthaki Yayınları,Ray Bradbury,"89,70"
420,Kaybolan Hazineler,Tiydem Yayıncılık,G. Grebnev,"18,75"
421,Alenka’nın Asteroidi,Tiydem Yayıncılık,F. Dimov,"18,75"
422,Gelecek Irk,Kyrhos Yayınları,Edward Bulwer Lytton,"53,20"
423,ENDER'İN GÖLGESİ,Pegasus Yayınları,Orson Scott Card,"96,00"
424,Kızıl İsyan Serisi Özel Kutulu Set 3 Cilt Takım,Pegasus Yayınları,Pierce Brown,"420,00"
425,Oyunbozan,Pegasus Yayınları,James Dashner,"81,00"
426,Sarı Kırlangıçlar Hanı,Baygenç Yayıncılık,Bahadır Arıcı,"16,25"
427,Supra - Bir Parçacık Sonsuzluk,h2o Kitap,Taner Güler,"48,30"
428,Eski Mars,Kalkedon Yayıncılık,George R. R. Martin,"157,50"
429,Eski Venüs,Kalkedon Yayıncılık,George R. R. Martin,"157,50"
430,Sonsuzluğun Sınırında,Yabancı Yayınları,Melissa E. Hurst,"149,50"
431,Altın Oğul - Kızıl İsyan 2,Pegasus Yayınları,Pierce Brown,"96,00"
432,Geleceğin Şifresi,Akıl Çelen Kitaplar,Brian Falkner,"91,00"
433,Vatra: Zamanın Kaldırma Kuvveti,Matbuat Yayınları,Ali Güner Temelli,"68,00"
434,Mass Effect - İntikam,Akıl Çelen Kitaplar,Drew Karpyshyn,"70,00"
435,Kr1pt0,Akıl Fikir Yayınları,Oğuz Gül,"100,10"
436,Zamanla Randevu,Panama Yayıncılık,Orhan Yeniaras,"71,50"
437,Ra Çağı,Kassandra Yayınları,James Lovegrove,"122,50"
438,Ket Yıldızı,Doruk Yayınları,Aleksandr Romanoviç Belyaev,"98,00"
439,Gio Ödülleri 2013 Seçilmiş Öyküler,İthaki Yayınları,Kolektif,"36,40"
440,100Dünya 3: Abisler'in Çağrısı,On8 Kitap,Danielle Martinigol,"49,00"
441,Demir Dağ’daki Güneş,Kassandra Yayınları,David Wingrove,"140,00"
442,Yürüyen Kentler,On8 Kitap,Philip Reeve,"87,50"
443,Yürüyen Kentler 4. Kitap - Karanlık Düzlük,On8 Kitap,Philip Reeve,"112,00"
444,Yürüyen Kentler 3 - Cehennem Makineleri,On8 Kitap,Philip Reeve,"98,00"
445,Yürüyen Kentler 2. Kitap - İhanet Altını,On8 Kitap,Philip Reeve,"87,50"
446,Akıl Hırsızı,Akıl Çelen Kitaplar,Brian Falkner,"91,00"
447,Son Tiryaki,Metis Yayınları,Müfit Özdeş,"83,16"
448,Akisfer,Çizmeli Kedi Yayınları,Sadık Yemni,"28,00"
449,Zaman Çarkı 5. Cilt: Göğün Ateşleri,İthaki Yayınları,Robert Jordan,"427,70"
450,Yaylı Bacak Jack,Altıkırkbeş Yayınları,Mark Hodder,"105,00"
451,Aklın Çocukları,Altıkırkbeş Yayınları,Orson Scott Card,"84,00"
452,Hybrids-Melezler,Abis Yayıncılık,Robert J. Sawyer,"59,50"
453,Hominids - İnsansılar,Abis Yayıncılık,Robert J. Sawyer,"63,00"
454,Rüzgargülü,Ayrıntı Yayınları,Ursula K. Le Guin,"83,16"
455,Artemis Fowl Opal’in Oyunu,Artemis Yayınları,Eoin Colfer,"74,75"
456,Cellat,Ephesus Yayınları,Cihan Erdem,"33,00"
457,Direniş,Pegasus Yayınları,Mira Grant,"90,00"
458,Aztek Çağı,Kassandra Yayınları,James Lovegrove,"136,50"
459,Yara,Yordam Kitap,China Mieville,"128,80"
460,İskambil Kağıtlarının Esrarı,Pan Yayıncılık,Jostein Gaarder,"175,00"
461,Kadınlar Kulesi,Everest Yayınları,Zoe Fairbairns,"61,75"
462,Semenderlerle Savaş,Everest Yayınları,Karel Çapek,"55,25"
463,Timothy Archer,Altıkırkbeş Yayınları,Philip K. Dick,"63,00"
464,Elmas Çağı,Altıkırkbeş Yayınları,Neal Stephenson,"105,00"
465,Psi-Kom Sayı: 1,Remzi Kitabevi,Jason Hendersen,"42,00"
466,İyi Güzel Muhteşem Yarın,VERSUS KİTAP YAYINLARI,Cory Doctorow,"60,00"
467,Andromeda’ya Dönüş Durkonlar,Umuttepe Yayınları,Kazım Çende,"87,00"
468,Çöpçü Gezegenler,Tiydem Yayıncılık,A. Şalimov,"20,00"
469,Ve Başka Bir Şey Daha,Kabalcı Yayınevi - Özel Ürünler,Eoin Colfer,"26,95"
470,On Beş Yaşında Bir Kaptan - 1. Cilt,İthaki Yayınları,Jules Verne,"37,05"
471,Korkunç Kale Üçüncü Kitap,Kabalcı Yayınevi - Özel Ürünler,C. S. Lewis,"21,00"
472,Hayallerinin Sınırsız Dünyası,Sinemis Yayınları,Zafer Alcan,"37,88"
473,Rocannon’un Dünyası,Metis Yayınları,Ursula K. Le Guin,"58,52"
474,Asker Kaçağı,Metis Yayınları,Bülent Somay,"69,30"
475,Korkunun Bütün Sesleri,Metis Yayınları,Harlan Ellison,"58,52"
476,Balıkçıl Gözü,Metis Yayınları,Ursula K. Le Guin,"64,68"
477,Hayalet Tugay,İthaki Yayınları,John Scalzi,"50,70"
478,Erewhon’a İkinci Ziyaret,Kyrhos Yayınları,Samuel Butler,"61,60"
479,Online Alemin Flört Rehberi,Martı Yayınları,Eric Smith,"11,75"
480,Karanlık Evren Kehanetleri,Perseus,Polat Onat,"35,40"
481,Wildcard: Joker Oyuncunun Hikayesi,Yabancı Yayınları,Marie Lu,"100,75"
482,John Carter Dünyasına Giriş Seti,Fihrist Kitap,Edgar Rice Burroughs,"136,09"
483,Geleceğin Yazarları 2,Tortuga Yayınları - Özel Baskı,L. Ron Hubbard,"11,90"
484,Dünya: Yeni Bir Başlangıç,Martı Yayınları,Peter David,"17,50"
485,Kırmızı Saatler,İthaki Yayınları,Leni Zumas,"9,90"
486,Lum’en,Numen Yayıncılık,Laurent Genefort,"25,92"
487,Do Androids Dream Of Electric Sheep?,Orion Paperbacks,Philip K. Dick,"153,00"
488,Dokuz Dünya ve Güçleri - Dost Musunuz Düşman Mı?,Elpis Yayınları,Mehmet Burak Gürtunca,"86,18"
489,Kıyamet Senaryoları,Literatürk Academia,Semra Kotan,"68,40"
490,Bir Zaman Gezgininin Anıları,Yazarın Kendi Yayını – Murat K. Beşiroğlu,Murat K. Beşiroğlu,"38,40"
491,Collins Big Cat Phonics - The Rainforest at Night Band 04 - Blue,HarperCollins - Nüans,Nic Bishop,"157,70"
492,Sınır 2700 Saklı Ülke,Kitap Müptelası Yayınları,Özgecan Doğan,"94,50"
493,Sınır 2700,Kitap Müptelası Yayınları,Özgecan Doğan,"106,50"
494,Mona Lisa Aşırı Yükleme,Altıkırkbeş Yayınları,William Gibson,"34,30"
495,Heidegger`in Deneyi,Gram Yayınları,Nathaniel Hawthorne,"3,50"
496,Kont Sıfır,Altıkırkbeş Yayınları,William Gibson,"34,30"
497,Maymun Pençesi,Gram Yayınları,W. W. Jacobs,"3,50"
498,Göç,İş Bankası Kültür Yayınları,Julie Bertagna,"7,22"
499,Kaybolan Miras,Metis Yayınları,Robert A. Heinlein,"1,14"
500,Şimdi ve Daima,İthaki Yayınları,Ray Bradbury,"10,40"
501,Pısırıklar Çağı,Metis Yayınları,Frederik Pohl,"1,42"
502,İki Dünya Savaşıyor,Metis Yayınları,Poul Anderson,"1,42"
503,Ve Sonra Hiç Kalmadı,Metis Yayınları,Eric Frank Russell,"1,57"
504,Uzay Elbisemle Yolculuğa Hazırım,Metis Yayınları,Robert A. Heinlein,"2,14"
505,Ergenlik Ayini,Metis Yayınları,Alexei Panshin,"2,14"
506,İkiz Yıldız,Metis Yayınları,Robert A. Heinlein,"1,57"
507,Hukuk Gladyatörü,Metis Yayınları,F. Pohl,"1,42"
508,Otomatik Piyano,Metis Yayınları,Kurt Vonnegut,"2,71"
509,Yer Açın! Yer Açın!,Metis Yayınları,Harry Harrison,"2,14"
510,Kızıl Gezegen,Metis Yayınları,Robert A. Heinlein,"1,42"
511,Uzay Tacirleri,Metis Yayınları,C.M. Kornbluth,"1,42"
512,Paslanmaz Çelik Sıçanın İntikamı,Metis Yayınları,Harry Harrison,"1,42"
513,Kobaylar Kampı,Metis Yayınları,Thomas M. Disch,"2,14"
514,Şok Dalgası Süvarisi,Metis Yayınları,John Brunner,"2,14"
515,Teşkilat,Metis Yayınları,Cyril M. Kornbluth,"1,42"
516,Mevki Uygarlığı,Metis Yayınları,Robert Sheckley,"1,57"
517,Paslanmaz Çelik Sıçan,Metis Yayınları,Harry Harrison,"1,57"
518,En Son Kale,Metis Yayınları,Ferhan Ertürk,"0,72"
519,Öteki Hayat,Mantis Yayınları,Murat K. Beşiroğlu,"40,00"
520,Kanyonaltı’nda Bir Tekinsiz,Mantis Yayınları,Gökçe Mehmet Ay,"40,00"
521,Terra – Yeni Dünya,Beyaz Fil Yayınları,Semih Mustafa Kuru,"35,00"
522,Gargantis Bez Ciltli - Şömizli,Genç Timaş,Thomas Taylor,"49,00"
523,Katran Adam,Dionysos Yayın Group,Gox Arion,"33,75"
524,"Fantastik, Bilim Kurgu Roman Seti 9 Kitap Takım",Vaveyla Yayıncılık,Kolektif,"79,20"
525,"Houston, Houston Duyuyor Musun?",İthaki Yayınları,James Tiptree Jr.,"20,15"
526,Kefaret Gemisi - Keşif Uzayı Serisi 2,İndie Yayınları,Alastair Reynolds,"61,64"
527,Bir Gün Mutlaka,Epsilon Yayınevi,Debbie Macomber,"109,53"
528,Bilimkurgu Seti 3 Kitap Takım,Laputa Kitap,Kurd Lasswitz,"29,90"
529,Kızıl Veba,Lotus Yayın Grubu,Jack London,"37,60"
530,Yıldız Güncesi,Alfa Yayınları,Stanislaw Lem,"81,25"
531,Wool Serisi Kutulu Set 3 Kitap Takım,İthaki Yayınları,Hugh Howey,"253,50"
532,Simülasyon,Kavim Yayıncılık,Pervin Dalgıç,"31,50"
533,Bilimkurgu ve Bilimdışı Kurmaca,Yort Kitap,Quentin Meillassoux,"29,75"
534,Star Wars Battlefront 1 - Alacakaranlık Bölüğü,Dex Yayınevi,Alexander Freed,"29,90"
535,Star Wars Battlefront 2 - Cehennem Mangası,Dex Yayınevi,Christie Golden,"26,00"
536,Kara Panter Kimdir? - Black Panther,İthaki Yayınları,Jesse J. Holland,"19,50"
537,Androidler Elektrikli Koyun Düşler Mi?,Alfa Yayınları,Philip K. Dick,"74,75"
538,Somnium ya da Ay Astronomisi,Kırmızı Kedi Yayınevi,Johannes Kepler,"21,00"
539,Doctor Who : Siluet,İthaki Yayınları,Justin Richards,"32,50"
540,Sprawl Üçlemesi 3 Kitap,Altıkırkbeş Yayınları,William Gibson,"98,00"
541,Radyo Tiyatrosu - Otostopçunun Galaksi Rehberi,Alfa Yayınları,Douglas Adams,"78,00"
542,Zaman Makinesi,Perseus,H. G. Wells,"2,78"
543,Başka Dünyalarda Canlı Mahlukat Var Mıdır?,Kara Karga Yayınları,Osman Nuri Eralp,"9,75"
544,Yaşlı Adamın Savaşı,İthaki Yayınları,John Scalzi,"48,75"
545,Cadılar Okulu 6 - Konuşan Hayvanlar,Teen Yayıncılık,Jill Murphy,"12,50"
546,Cadılar Okulu 7 - Dilek Yıldızı,Teen Yayıncılık,Jill Murphy,"12,50"
547,Cadılar Okulu 5 - Kurtarma Operasyonu,Teen Yayıncılık,Jill Murphy,"12,50"
548,Ejderhanı Nasıl Eğitirsin 1,Epsilon Yayınevi,Cressida Cowell,"38,03"
549,Bts,Martı Yayınları,Katy Sprinkel,"13,75"
550,Gözlerin Ardındaki Sanal Bedenler,Cağaloğlu Yayınevi,Dilay Nisa Vural,"14,00"
551,Kül,Novella Dinamik,Shani Petroff,"17,50"
552,Edebiyatın İzinde - Fantastik ve Bilimkurgu,Bağlam Yayınları,Kolektif,"88,00"
553,Uzaktan Kumandalı Kız,İthaki Yayınları,James Tiptree Jr.,"22,10"
554,Elektrikız,Mavi Kirpi Yayınları,Jo Cotterill,"23,50"
555,Hekimin Filozof Hali,İthaki Yayınları,M. Bilgin Saydam,"27,95"
556,Göktürkler,Baygenç Yayıncılık,Salih Eren Çetin,"19,50"
557,Lat,Kara Karga Yayınları,H. Demir,"7,22"
558,Evrenin Türküsü,Sarmal Yayınevi,G. Altov,"3,45"
559,Donmuş - Soğuk Uyanış Serisi 1. Kitap,Martı Yayınları,Robin Wasserman,"24,50"
560,Babam Sağ Olsun - Frankenstein 200 Yaşında,Doğan Kitap,Özgür Çiçek,"15,75"
561,Sonsuz Gemi,Yapı Kredi Yayınları,Francesca Haig,"29,90"
562,Schrödinger'in Kedisi : Rüya,Everest Yayınları,Alev Alatlı,"10,84"
563,Yenilmez,İthaki Yayınları,Stanislaw Lem,"31,20"
564,Sonsuz Işığım,GO! Kitap,Amie Kaufman,"22,50"
565,Ay Zalim Bir Sevgilidir,İthaki Yayınları,Robert A. Heinlein,"65,00"
566,Kızıl Kraliçe Serisi,Pegasus Yayınları,Victoria Aveyard,"270,00"
567,Kurma Kız,Aylak Kitap,Paolo Bacigalupi,"44,25"
568,2312,İthaki Yayınları,Kim Stanley Robinson,"37,70"
569,2001: Bir Uzay Destanı,İthaki Yayınları,Arthur C. Clarke,"24,70"
570,Güneşin Altın Elmaları,İthaki Yayınları,Ray Bradbury,"24,05"
571,Sonsuz Gençlik Tröstü,Cinius Yayınları,Bülent Özden,"12,73"
572,The Book Of Madness,Çitlembik Yayınevi,Levent Şenyürek,"8,15"
573,Başlayanlar,Dex Yayınevi,Lissa Price,"12,64"
574,Çıldırtan Kitap,Çitlembik Yayınevi,Levent Şenyürek,"7,04"
575,Yollar Nereye Düşer,Bilgi Yayınevi,Nurcihan Doğuç,"6,95"
576,Hamlin Çocukları Uzay Yolu Yeni Kuşak,Art Basın Yayın Hizmetleri,Carmen Carter,"14,00"
577,Bilim Kurgu Star Trek - Uzay Yolu 4 Kitap Takım,Art Basın Yayın Hizmetleri,David Gerrold,"44,80"
578,Zaman Makineleri,Arkadaş Yayınları,Paul J. Nahin,"15,28"
579,Zamanda Kıvrılma,Arkadaş Yayınları,Madeleine Lengle,"5,63"
580,Hayalet Gemi Uzay Yolu Yeni Kuşak,Art Basın Yayın Hizmetleri,Diane Carey,"14,00"
581,Farpoint’te Karşılaşma Uzay Yolu Yeni Kuşak,Art Basın Yayın Hizmetleri,David Gerrold,"14,00"
582,Tanrı Beyni,Alfa Yayınları,Lionel Tiger,"18,20"
583,İsa’nın El Yazmaları,E Yayınları,Isaac Gilad,"12,75"
584,Gelecekbilim Kongresi,Cem Yayınevi,Stanislaw Lem,"9,10"
585,Sonlayanlar,Dex Yayınevi,Lissa Price,"12,04"
586,Cestus Hilesi - Star Wars Klon Savaşları Serisi,Arka Bahçe Yayıncılık,Steven Barnes,"20,50"
587,Dune’un Çocukları,Sarmal Yayınevi,Frank Herbert,"16,12"
588,Sessiz Gezegenin Dışında 1. Kitap,Kabalcı Yayınevi,Clive Staples Lewis,"24,50"
589,Ruhun Uzun Karanlık Çay Saati,Kabalcı Yayınevi,Douglas Adams,"24,50"
590,Cebirci,İthaki Yayınları,Iain Banks,"39,65"
591,Sudan Gelen,İthaki Yayınları,Emrah Güler,"18,20"
592,Kırmızı Üniformalılar,İthaki Yayınları,John Scalzi,"31,20"
593,ÖLÜM OYUNU,Pegasus Yayınları,Koushun Takami,"99,00"
594,Sarsıntı,Tiydem Yayıncılık,A. Şerbakov,"20,00"
595,Zenar’ın Geleceği,P Kitap Yayıncılık,Murat Yılmaz,"5,56"
596,Ongay,Elips Kitap,Zübeyir Tokgöz,"4,21"
597,Yokistan Tasarısı,Pan Yayıncılık,İlhan Mimaroğlu,"3,24"
598,Kutsal Dedektiflik Bürosu,Kabalcı Yayınevi,Douglas Adams,"24,50"
599,Artemis Fowl Sonsuzluk Şifresi,Artemis Yayınları,Eoin Colfer,"7,22"
600,Wool 1 - Silo,MonoKL,Hugh Howey,"75,00"
601,Uzayda Piknik,Nirengikitap,Arkadi Ştrugatski,"14,25"
602,Caliban’ın Savaşı,İthaki Yayınları,James S. A. Corey,"41,60"
603,Otostopçu 4. Kitap: Elveda ve Bütün O Balıklar İçin Teşekkürler,Kabalcı Yayınevi,Douglas Adams,"24,50"
604,Dune,Kabalcı Yayınevi,Frank Herbert,"35,00"
605,Maymun ve Öz,İthaki Yayınları,Aldous Huxley,"11,05"
606,Yarın Dündür,İletişim Yayınevi,Jean-Marie Laclavetine,"10,55"
607,Gelecekbilim Kongresi,İletişim Yayınevi,Stanislaw Lem,"6,67"
608,Yıldızlardan Dönüş,İletişim Yayınevi,Stanislaw Lem,"8,89"
609,Başlama Yeri,İletişim Yayınevi,Ursula K. Le Guin,"7,78"
610,Sınırsız Rüyalar Diyarı,Ayrıntı Yayınları,J. G. Ballard,"7,13"
611,Siyah Adam,Artemis Yayınları,Richard K. Morgan,"16,85"
612,Neuromancer,Altıkırkbeş Yayınları,William Gibson,"64,80"
613,Mars Torunları,Tiydem Yayıncılık,A. Kazantsev,"20,00"
614,İlginç Dünya,Tiydem Yayıncılık,V. Şitnik,"18,75"
615,Dune Mesihi,Kabalcı Yayınevi,Frank Herbert,"28,00"
616,Dune Atreides Hanedanı,Kabalcı Yayınevi,Kevin J. Anderson,"35,00"
617,Çoğunlukla Zararsız,Kabalcı Yayınevi,Douglas Adams,"24,50"
618,Dune: Makinelerin Seferi,Kabalcı Yayınevi - Özel Ürünler,Kevin J. Anderson,"39,00"
619,Dune Çocukları,Kabalcı Yayınevi,Frank Herbert,"28,00"
620,Sessizlik Kuleleri -2084-,İthaki Yayınları,Kaan Arslanoğlu,"9,10"
621,On Beş Yaşında Bir Kaptan - 2. Cilt,İthaki Yayınları,Jules Verne,"11,70"
622,İki Yıl Okul Tatili,İthaki Yayınları,Jules Verne,"11,70"
623,Eve Dönüş,İthaki Yayınları,Ray Bradbury,"20,15"
624,Ara Dünya,İthaki Yayınları,Neil Gaiman,"11,70"
625,Dune - Butleryan Cihadı,Kabalcı Yayınevi - Özel Ürünler,Kevin J. Anderson,"39,00"
626,Zoe’nin Öyküsü,İthaki Yayınları,John Scalzi,"27,95"
627,Dünyaların Savaşı,İthaki Yayınları,H. G. Wells,"15,60"
628,Otomatik Alice,Postiga Yayınları,Jeff Noon,"45,50"
629,Ekotopya William Weston’ın Defterleri ve Haberleri,Ayrıntı Yayınları,Ernest Callenbach,"9,98"
630,Zaman Haritası,Koridor Yayıncılık,Felix J. Palma,"12,96"
631,İlk Saldırı,Martı Yayınları,Peter David,"10,19"
632,Perelandra Venüs’e Yolculuk,Kabalcı Yayınevi,C. S. Lewis,"24,50"
633,Otostopçunun Galaksi Rehberi - Beşibiryerde,Kabalcı Yayınevi,Douglas Adams,"52,50"
634,Dune Tanrı İmparatoru,Kabalcı Yayınevi,Frank Herbert,"28,00"
635,Uzay Tazısı’nın Yolculuğu,İthaki Yayınları,A. E. van Vogt,"14,30"
636,Leviathan Uyanıyor -,İthaki Yayınları,James S. A. Corey,"37,70"
637,Erewhon,Kyrhos Yayınları,Samuel Butler,"58,80"
638,Bilim Kurgu Öyküleri,Kyrhos Yayınları,Edgar Allan Poe,"11,02"
639,Yok Eden Ateş / Bağlılık 2. Kitap,İthaki Yayınları,John Scalzi,"123,50"
640,Alevler,Dedalus Kitap - Özel Ürün,Olaf Stapledon,"56,00"
641,John Carter 9: Mars'ın Yapay Adamları,Fihrist Kitap,Edgar Rice Burroughs,"69,65"
642,Haldun,İthaki Yayınları,Alper Kaan Bilir,"58,50"
643,Nehrin Dönemeci,Alfa Yayınları,V. S. Naipaul,"128,00"
644,Dr. Gelecek,Alfa Yayınları,Philip K. Dick,"96,00"
645,Mümkünatı Yok,İthaki Yayınları,Sinclair Lewis,"78,00"
646,Ludus,Epsilon Yayınları,Birsen Ekim Özen,"96,38"
647,Wool Serisi 3 Kitap Takım,İthaki Yayınları,Hugh Howey,"429,50"
648,Hawking’in Koridoru,Martı Yayınları,Neal Shusterman,"84,00"
649,Ölü Dağcı Oteli,İthaki Yayınları,Boris Strugatski,"65,00"
650,Tohumdan Hasada,İthaki Yayınları,Octavia E. Butler,"234,00"
651,İsyan (Karton Kapak),Yabancı Yayınları,Cindy Pon,"78,00"
652,Venüs Korsanları,Fihrist Kitap,Edgar Rice Burroughs,"59,15"
653,Anasuni Uzay Gemisi,Eksik Parça Yayınları,Ozan Ertürk,"76,00"
654,Gölgemiz Düşer,İthaki Yayınları,Maurice Carlos Ruffin,"91,00"
655,Ariadne,Epsilon Yayınları,Jennifer Saint,"118,88"
656,John Carter VII: Mars Askeri,Fihrist Kitap,Edgar Rice Burroughs,"69,65"
657,Irina'ya Göre Şeffaflık,İş Bankası Kültür Yayınları,Benjamin Fogel,"90,00"
658,Kader Adası,Flu Kitap,Max Adeler,"54,40"
659,Ay’daki İlk İnsanlar,Ren Kitap,H.G. Wells,"42,00"
660,Güneşin Altın Elmaları,İthaki Yayınları,Ray Bradbury,"104,00"
661,Yıllarca Uyuyan Adam,Dorlion Yayınevi,Henri Bernay,"66,60"
662,Megaverse,Eksik Parça Yayınları,Uzay Görmüş,"128,00"
663,Göklerdeki Yazgı,Eksik Parça Yayınları,Marie Robinette Kowal,"100,00"
664,Paradoks Üçlemesi,Laputa Kitap,Charles Cloukey,"67,50"
665,Shuri: Bir Black Panther Romanı,İthaki Yayınları,Nic Stone,"66,95"
666,Dinozorlarla Karıncaların Öyküsü,İthaki Yayınları,Cixin Liu,"61,10"
667,İleri Sar: Gelecekten Öyküler,Dex Yayınevi,Veronica Roth,"95,20"
668,Callahan Günlükleri,İthaki Yayınları,Spider Robinson,"139,75"
669,Turnanın Soyu,İthaki Yayınları,Joan He,"100,10"
670,Güneşin Çekirdeği,İthaki Yayınları,Johanna Sinisalo,"78,00"
671,Kaçak Telemetri,İthaki Yayınları,Martha Wells,"61,10"
672,Yukarı Kale (SL11),Alfa Yayınları,Stanislaw Lem,"60,00"
673,Sahibinin Sesi,Alfa Yayınları,Stanislaw Lem,"88,00"
674,Solaris (SL10),Alfa Yayınları,Stanislaw Lem,"88,00"
675,Solaris - SL10 (Ciltli),Alfa Yayınları,Stanislaw Lem,"120,00"
676,Omega Vatan,Altıkırkbeş Yayınları,Can Evrenol,"67,20"
677,Gece Nöbeti,The Kitap,K. Eason,"135,20"
678,Marie Lu 2 Kitap Takım ( Karton K.),Yabancı Yayınları,Marie Lu,"146,25"
679,Wildcard: Joker Oyuncunun Hikâyesi (Karton K.),Yabancı Yayınları,Marie Lu,"87,75"
680,Warcross: Bir Sanal Gerçeklik Oyunu (Karton K.),Yabancı Yayınları,Marie Lu,"87,75"
681,Tuhaf Bir Tehlike,Epsilon Yayınları,Jeff Vandermeer,"176,25"
682,Doktor Ox’un Deneyi,İthaki Yayınları,Jules Verne,"15,60"
683,Pruva Neta,Eksik Parça Yayınları,Özgen Biçgin,"96,00"
684,Ada (Karton Kapak),Yabancı Yayınları,Lynne Matson,"91,00"
685,Genç Kan,Theseus Yayınevi,Andrew Barrer,"103,20"
686,Zaman Polisi II,Theseus Yayınevi,Jodi Taylor,"143,20"
687,Düşyılanı,İthaki Yayınları,Vonda N. McIntyre,"74,75"
688,Arthur C. Clarke 2 Kitap Takım,İthaki Yayınları,Arthur C. Clarke,"123,50"
689,M.A.N.C. Evreni,Ephesus Yayınları,Musa Akkaya,"132,00"
690,Başlat : Ready Player Two,Dex Yayınevi,Ernest Cline,"103,20"
691,Gece Postasıyla,Fihrist Kitap,Joseph Rudyard Kipling,"37,80"
692,Otonom,Epsilon Yayınları,Annalee Newitz,"118,88"
693,Hayalet Nota,İthaki Yayınları,Eda Şahin,"57,20"
694,Cennetin Çeşmeleri,İthaki Yayınları,Arthur C. Clarke,"89,70"
695,Umarım Mesajımı Alırsın,Epsilon Yayınları,Farah Naz Rishi,"103,88"
696,Armageddon M.S. 2419,Fihrist Kitap,Philip Francis Novlan,"59,15"
697,Dışarıdan Gelen Şey,Laputa Kitap,Kolektif,"56,25"
698,Bir Kadın Astronotun Anıları,İthaki Yayınları,Naomi Mitchison,"59,80"
699,Neptün Müzakereleri,İthaki Yayınları,Murat Boyner,"50,05"
700,Makine Öğrenmesi,İthaki Yayınları,Hugh Howey,"111,80"
701,Sinemada Bilimkurgu ve Kıyamet,Fihrist Kitap,Mikail Boz,"69,65"
702,Ötekinin Keşfi,Fihrist Kitap,Alice Ilgenfritz,"38,15"
703,Koyunlar Yukarı Bakar,İthaki Yayınları,John Brunner,"136,50"
704,Steampunk,Ayrıntı Yayınları,Gizem Cengiz,"60,00"
705,Sağ Kalan,Fihrist Kitap,Julie Guinand,"34,65"
706,Ay Metali,Laputa Kitap,Garrett P. Serviss,"45,00"
707,Octavia E. Butler 2 Kitap Takım,İthaki Yayınları,Octavia E. Butler,"211,90"
708,John Carter III: Mars Komutanı,Fihrist Kitap,Edgar Rice Burroughs,"55,65"
709,Isaac Asimov 14 Kitap Takım,İthaki Yayınları,Isaac Asimov,"1.326,05"
710,Robot Serisi 4 Kitap Takım,İthaki Yayınları,Isaac Asimov,"372,90"
711,Krizalitler,DeliDolu,John Wyndham,"66,75"
712,Bilimkurgu Okuryazarlığı,Destek Yayınları,Zümrüt Bıyıklıoğlu,"46,40"
713,Kıyamet Polisi Serisi 3 Kitap Takım,İthaki Yayınları,Ben H. Winters,"211,20"
714,Uzay Gezgini Tuf,Dex Yayınevi,George R. R. Martin,"119,25"
715,Dune Çocukları,Kabalcı Kelepir,Frank Herbert,"20,00"
716,Dune -Corrino Hanedanı,Kabalcı Kelepir,Kevin J. Anderson,"25,00"
717,Dune: Harkonen Hanedanı,Kabalcı Kelepir,Kevin J. Anderson,"30,00"
718,Karel Çapek 2 Kitap Takım,İthaki Yayınları,Karel Çapek,"76,45"
719,Dune Serisi (9 Kitap Takım),İthaki Yayınları,Frank Herbert,"1.232,55"
720,Bilimkurgu Manifestosu,Fihrist Kitap,Maurice Renard,"27,65"
721,Jules Verne 13 Kitap Takım,İthaki Yayınları,Jules Verne,"128,70"
722,Silsile: Bilimkurgu Öyküleri,İthaki Yayınları,Kolektif,"61,10"
723,Wormwood Üçlemesi,Eksik Parça Yayınları,Tade Thompson,"154,05"
724,İthaki Bilimkurgu Klasikleri 70 Kitap Takım,İthaki Yayınları,Kolektif,"1.768,80"
725,Andy Weir 3 Kitap Takım,İthaki Yayınları,Andy Weir,"277,20"
726,İthaki Yayınları Kadın Bilimkurgu Yazarları,İthaki Yayınları,Kolektif,"128,15"
727,İthaki Yayınları Rus Bilimkurgu Yazarları,İthaki Yayınları,Kolektif,"200,20"
728,Jules Verne 10 Kitap Takım,İthaki Yayınları,Jules Verne,"99,00"
729,Vakıf Serisi 7 Kitap Takım,İthaki Yayınları,Isaac Asimov,"730,40"
730,Ayrıntı Yayınları Bilim Kurgu Dizisi,Ayrıntı Yayınları,Kolektif,"258,00"
731,Bilimkurgunun Altın Çağı Serisi 4 Kitap,Altıkırkbeş Yayınları,Kolektif,"102,40"
732,Isaac Asimov 2 Kitap Takım,İthaki Yayınları,Isaac Asimov,"153,45"
733,Maymun ve Öz,İthaki Yayınları,Aldous Huxley,"63,05"
734,Kıyamet Sonrası Edebiyat Seçkisi,İthaki Yayınları,Ling Ma,"48,40"
735,H. G. Wells 4 Kitap Takım,İthaki Yayınları,H. G. Wells,"62,15"
736,James Tiptree Jr. 2 Kitap Takım,İthaki Yayınları,James Tiptree Jr.,"31,35"
737,Aleksandr Belyaev 2 Kitap Takım,İthaki Yayınları,Aleksandr Belyaev,"82,50"
738,Ara Dünya 3 Kitap Takım,İthaki Yayınları,Neil Gaiman,"282,15"
739,Charlotte Perkins Gilman 2 Kitap Takım,İthaki Yayınları,Charlotte Perkins Gilman,"52,25"
740,Arkadi Strugatski 5 Kitap Takım,İthaki Yayınları,Arkadi Strugatski,"325,05"
741,Jack London 6 Kitap Takım,İthaki Yayınları,No author found,"68,20"
742,Dune Hanedanlık Üçlemesi (3 Kitap Takım),İthaki Yayınları,Brian Herbert,"543,40"
743,Dune Seti (6 Kitap Takım),İthaki Yayınları,Frank Herbert,"689,15"
744,İthaki 2021 Bilimkurgu Ajandası (5'li Set),İthaki Yayınları,No author found,"63,25"
745,İthaki Bilimkurgu Ajandası 2021 (Ciltli),İthaki Yayınları,Alican Saygı Ortanca,"11,50"
746,Filme Uyarlanmış Bilim Kurgu Seçkisi,İthaki Yayınları,Kolektif,"210,65"
747,Ütopya Seçkisi,İthaki Yayınları,Kolektif,"53,35"
748,Bilimkurgu Seçkisi,Yabancı Yayınları,Kolektif,"298,65"
749,Jules Verne 11 Kitap Takım,İthaki Yayınları,Jules Verne,"105,49"
750,Kıyamet Sonrası Kitapları,İthaki Yayınları,Kolektif,"288,75"
751,Üç Cisim Problemi (3 Kitap Takım),İthaki Yayınları,Cixin Liu,"380,50"
752,Kızıl Veba,İthaki Yayınları,Jack London,"27,95"
753,Patrick Ness 2 Kitap Takım,Yabancı Yayınları,Patrick Ness,"275,00"
754,Ottomania,İthaki Yayınları,Erim Şişman,"66,95"
755,Tanrı’nın Gözündeki Zerre,İthaki Yayınları,Larry Niven,"168,35"
756,Bilimkurgu Klasikleri 18 Kitap Takım,İthaki Yayınları,No author found,"394,35"
757,Karin Tidbeck 2 Kitap Takım,İthaki Yayınları,Karin Tidbeck,"124,85"
758,Stanislaw Lem 4 Kitap Takım,Alfa Yayınları,Stanislaw Lem,"93,60"
759,Bilimkurgu Seti (3 Kitap Takım),Laputa Kitap,Kurd Lasswitz,"34,50"
760,Dönüş Üçlemesi 3 Kitap Takım,İthaki Yayınları,Robert Charles Wilson,"282,15"
761,Ray Bradbury ( 3 Kitap Takım ),İthaki Yayınları,Ray Bradbury,"238,70"
762,Robert A. Heinlein ( 3 Kitap Takım ),İthaki Yayınları,Robert A. Heinlein,"133,10"
763,Galaktik İmparatorluk Serisi ( 3 Kitap Takım ),İthaki Yayınları,Isaac Asimov,"222,75"
764,Alfred Bester 2 Kitap Takım,İthaki Yayınları,Alfred Bester,"145,20"
765,İsyan 2 Kitap Takım,Yabancı Yayınları,Cindy Pon,"213,40"
766,John Scalzi 6 Kitap Takım,İthaki Yayınları,John Scalzi,"146,30"
767,Sonsuzluğun Sınırında 2 Kitap Takım,Yabancı Yayınları,Melissa E. Hurst,"264,00"
768,Leibowitz İçin Bir İlahi,İthaki Yayınları,"Walter M. Miller, JR.","110,50"
769,Klasik Bilimkurgu Öyküleri,Çınar Yayınları,H. G. Wells,"37,50"
770,Değiştirilmiş Karbon Serisi (3 Kitap Takım),İthaki Yayınları,Richard K. Morgan,"342,10"
771,Mars Yıllıkları,İthaki Yayınları,Ray Bradbury,"94,25"
772,Yaşlı Adamın Savaşı,İthaki Yayınları,John Scalzi,"48,75"
773,Yakma Zevki,İthaki Yayınları,Ray Bradbury,"156,00"
774,Bilimkurgu Seti (3 Kitap Takım),Kolektif,Douglas Adams,"150,00"
775,Yüzyılın En iyi Bilimkurgu Öyküleri,İthaki Yayınları,Kolektif,"38,35"
776,Yeryüzü Müzesi,İthaki Yayınları,Bilimkurgu Kulübü,"89,70"
777,Resimli Adam,İthaki Yayınları,Ray Bradbury,"89,70"
778,Yüksek Doz Gelecek,Altın Kitaplar,Umut Altın,"38,40"
779,Dünyalılar: Bilimkurgu Öyküleri,İletişim Yayınevi,Kolektif,"79,00"
780,Sinemaya Giriş Seti,Kolektif Kitap,Sarah Casiy Benyahia,"210,00"
781,Sinemaya Giriş : Bilimkurgu,Kolektif Kitap,Mark Bould,"95,00"
782,Başka Dünyalar,Kolektif Kitap,Margaret Atwood,"75,00"
783,Bilimkurgu Sinemasında Cyberpunk,Altıkırkbeş Yayınları,Oğuzhan Ersümer,"104,00"
784,15 Oyunda Devrialem,Büyülü Fener Yayınları,Ali Yalman,"15,40"
785,Hayalgücünün Merkezine Seyahat,İthaki Yayınları,Kolektif,"12,00"
786,Bilimkurgu Öyküleri,Remzi Kitabevi,Kolektif,"11,11"
787,Türklüğü Ölçmek,Metis Yayınları,Nazan Maksudyan,"83,20"
788,Asker Kaçağı,Metis Yayınları,Bülent Somay,"72,00"
